PositionID,ValuationDate,Desk,AssetClass,Instrument,Currency,Quantity,BookPrice,IndependentPrice
P0001,2026-09-28,Singapore Equities,Equity,EQ-0053,SGD,36166,149.54,149.33
P0002,2026-09-28,Singapore FX,FX Forward,FX-0004,SGD,4061266,1.43472,1.43723
P0003,2026-09-28,New York Credit,Corporate Bond,CB-0042,USD,15502,107.201,107.128
P0004,2026-09-28,London Credit,Corporate Bond,CB-0003,GBP,1316,103.86,104.121
P0005,2026-09-28,Zurich FX,FX Forward,FX-0026,CHF,4847348,1.13117,1.12959
P0006,2026-09-28,Singapore FX,FX Forward,FX-0038,SGD,1694942,0.819,0.82022
P0007,2026-09-28,Zurich Equities,Equity,EQ-0050,CHF,47824,36.97,37.02
P0008,2026-09-28,New York Credit,Corporate Bond,CB-0017,USD,1904,102.872,102.744
P0009,2026-09-28,London Credit,Corporate Bond,CB-0065,GBP,4748,101.941,101.92
P0010,2026-09-28,Zurich Equities,Equity,EQ-0048,CHF,23319,204.52,204.34
P0011,2026-09-28,Singapore FX,FX Forward,FX-0016,SGD,1309263,0.61535,0.61606
P0012,2026-09-28,New York Credit,Corporate Bond,CB-0030,USD,15488,99.44,99.439
P0013,2026-09-28,London Credit,Corporate Bond,CB-0010,GBP,11885,94.87,94.935
P0014,2026-09-28,Singapore Equities,Equity,EQ-0022,SGD,9250,60.0,61.38
P0007,2026-09-28,Zurich Equities,Equity,EQ-0050,CHF,47824,36.97,37.02
P0015,2026-09-28,New York Rates,Government Bond,GB-0054,USD,14122,98.306,98.27
P0016,2026-09-28,London Credit,Corporate Bond,CB-0009,GBP,14510,105.834,105.359
P0017,2026-09-28,London Credit,Corporate Bond,CB-0057,GBP,3750,106.511,106.841
P0018,2026-09-28,Zurich Equities,Equity,EQ-0064,CHF,4590,258.38,258.99
P0019,2026-09-28,New York Rates,Government Bond,GB-0018,USD,13092,101.312,101.272
P0020,2026-09-28,Singapore Equities,Equity,EQ-0051,SGD,35246,244.17,243.56
P0021,2026-09-28,New York Credit,Corporate Bond,CB-0008,USD,6064,107.581,107.456
P0022,2026-09-28,New York Credit,Corporate Bond,CB-0060,USD,13423,104.18,104.056
P0023,2026-09-28,London Credit,Corporate Bond,CB-0054,GBP,9943,99.812,100.306
P0024,2026-09-28,London Rates,Government Bond,GB-0060,GBP,8841,96.231,96.276
P0025,2026-09-28,New York Credit,Corporate Bond,CB-0051,USD,19864,106.477,106.833
P0026,2026-09-28,New York Rates,Government Bond,GB-0011,USD,16976,98.691,98.779
P0027,2026-09-28,London Credit,Corporate Bond,CB-0048,GBP,6007,95.7,
P0028,2026-09-28,New York Rates,Gov Bond,GB-0035,USD,15051,103.268,103.308
P0029,2026-09-28,New York Credit,Corporate Bond,CB-0036,USD,19863,106.178,106.471
P0030,2026-09-28,Singapore Equities,equity ,EQ-0011,SGD,15035,181.66,181.74
P0031,2026-09-28,London Rates,Government Bond,GB-0010,GBP,19672,102.004,102.042
P0032,2026-09-28,London Credit,Corporate Bond,CB-0002,GBP,9583,102.194,102.261
P0033,2026-09-28,Singapore Equities,Equity,EQ-0074,SGD,46207,253.45,254.29
P0034,2026-09-28,New York Rates,Government Bond,GB-0027,USD,17085,101.579,101.436
P0035,2026-09-28,Singapore Equities,Equity,EQ-0075,SGD,612,191.27,189.89
P0036,2026-09-28,New York Credit,Corporate Bond,CB-0026,USD,11688,102.67,102.283
P0037,2026-09-28,Zurich FX,FX Forward,FX-0040,CHF,430700,1.5034,1.50666
P0038,2026-09-28,Singapore Equities,Equity,EQ-0063,SGD,33381,160.8,160.52
P0039,2026-09-28,New York Credit,Corporate Bond,CB-0029,USD,15086,100.767,100.56
P0040,2026-09-25,London Credit,Corporate Bond,CB-0031,GBP,6560,100.179,100.007
P0041,2026-09-28,London Credit,Corporate Bond,CB-0023,GBP,7456,100.319,100.186
P0042,2026-09-28,Singapore FX,FX Forward,FX-0008,SGD,4964749,1.32605,1.32758
P0043,2026-09-28,New York Rates,Government Bond,GB-0030,USD,16654,103.529,103.505
P0044,2026-09-28,New York Rates,Government Bond,GB-0025,USD,18502,97.82,97.813
P0045,2026-09-28,London Credit,Corporate Bond,CB-0050,GBP,14767,95.309,95.146
P0046,2026-09-28,New York Credit,Corporate Bond,CB-0024,USD,11819,98.901,99.256
P0047,2026-09-28,Zurich Equities,Equity,EQ-0038,CHF,31248,55.95,55.94
P0048,2026-09-28,Singapore Equities,Equity,EQ-0041,SGD,14825,142.67,143.03
P0049,2026-09-28,London Rates,Government Bond,GB-0003,GBP,17579,98.778,98.864
P0050,2026-09-28,Zurich Equities,Equity,EQ-0018,CHF,3765,211.69,209.32
P0051,2026-09-28,London Credit,Corporate Bond,CB-0001,GBP,11929,102.149,102.112
P0052,2026-09-28,London Rates,Government Bond,GB-0028,GBP,19810,102.982,102.834
P0053,2026-09-28,London Rates,Government Bond,GB-0022,GBP,7066,101.943,101.782
P0054,2026-09-28,Zurich Equities,Equity,EQ-0069,CHF,30064,94.37,93.91
P0055,2026-09-25,Singapore Equities,Equity,EQ-0021,SGD,42229,79.54,80.38
P0056,2026-09-28,New York Credit,Corporate Bond,CB-0052,USD,12526,99.632,99.826
P0057,2026-09-28,Singapore Equities,Equity,EQ-0005,SGD,525,81.72,82.35
P0058,2026-09-25,London Credit,Corporate Bond,CB-0068,GBP,4542,107.436,107.715
P0059,2026-09-28,New York Credit,Corporate Bond,CB-0061,USD,3683,104.032,103.934
P0060,2026-09-28,New York Credit,Corporate Bond,CB-0045,USD,9998,104.253,104.617
P0061,2026-09-28,London Credit,Corporate Bond,CB-0006,GBP,2307,96.932,97.0
P0062,2026-09-28,Zurich Equities,Equity,EQ-0044,CHF,2158,38.87,38.86
P0063,2026-09-28,London Rates,Government Bond,GB-0055,GBP,14244,99.639,99.674
P0064,2026-09-28,Singapore FX,FX Forward,FX-0025,SGD,1321127,1.39614,1.39669
P0065,2026-09-28,Singapore Equities,Equity,EQ-0062,SGD,38384,36.01,36.12
P0066,2026-09-28,Singapore Equities,Equity,EQ-0008,SGD,22641,47.08,47.14
P0067,2026-09-28,Singapore FX,FX Forward,FX-0034,SGD,4921871,1.17192,1.17058
P0068,2026-09-28,Singapore Equities,Equity,EQ-0059,SGD,36522,138.44,136.28
P0069,2026-09-28,Zurich Equities,Equity,EQ-0039,CHF,13980,94.22,93.88
P0070,2026-09-28,Zurich Equities,Equity,EQ-0067,CHF,17189,137.38,138.11
P0071,2026-09-28,Singapore FX,FX Forward,FX-0018,SGD,3434331,1.22326,1.2234
P0072,2026-09-28,Singapore Equities,Equity  ,EQ-0029,SGD,10465,235.21,235.74
P0073,2026-09-28,Zurich Equities,Equity,EQ-0065,CHF,37434,209.06,209.01
P0074,2026-09-28,Singapore Equities,Equity,EQ-0079,SGD,32116,77.01,75.66
P0075,2026-09-28,Singapore Equities,Equity,EQ-0014,SGD,44020,119.48,119.15
P0076,2026-09-28,New York Credit,Corporate Bond,CB-0011,USD,9742,104.836,104.523
P0077,2026-09-28,Singapore FX,FX Forward,FX-0014,SGD,1159030,1.56482,1.56856
P0078,2026-09-28,Singapore Equities,Equity,EQ-0047,SGD,6281,88.04,88.49
P0079,2026-09-28,Zurich FX,FX Forward,FX-0001,CHF,1984925,0.91075,0.90936
P0080,2026-09-28,New York Credit,Corporate Bond,CB-0062,USD,18675,92.31,
P0081,2026-09-28,Zurich FX,FX Forward,FX-0005,CHF,4363433,1.05679,1.05616
P0082,2026-09-28,London Credit,Corporate Bond,CB-0038,GBP,4492,106.283,106.105
P0083,2026-09-28,Singapore FX,FX Forward,FX-0013,SGD,1375951,0.98608,0.9875
P0084,2026-09-28,Zurich Equities,Equity,EQ-0054,CHF,35527,34.16,34.21
P0085,2026-09-28,London Rates,Government Bond,GB-0006,GBP,18096,99.484,99.518
P0086,2026-09-28,New York Rates,Government Bond,GB-0033,USD,14637,96.681,96.68
P0087,2026-09-28,Singapore FX,FX Forward,FX-0024,SGD,485800,1.50342,1.50442
P0088,2026-09-28,London Credit,Corporate Bond,CB-0019,GBP,15239,101.289,101.219
P0089,2026-09-28,Zurich Equities,Equity,EQ-0003,CHF,15347,185.34,184.94
P0090,2026-09-28,Zurich Equities,EQUITY,EQ-0042,CHF,38655,114.66,114.69
P0091,2026-09-28,London Credit,Corporate Bond,CB-0035,GBP,15923,107.743,106.166
P0092,2026-09-28,Singapore Equities,Equity,EQ-0031,SGD,7073,292.13,292.0
P0093,2026-09-28,Zurich Equities,Equity,EQ-0046,CHF,37523,222.54,220.9
P0094,2026-09-28,Zurich Equities,Equity,EQ-0002,CHF,35841,209.48,208.75
P0095,2026-09-28,Zurich FX,FX FORWARD,FX-0019,CHF,3287749,1.45177,1.44919
P0096,2026-09-28,New York Rates,Government Bond,GB-0051,USD,17112,97.452,97.571
P0097,2026-09-28,London Credit,Corporate Bond,CB-0005,GBP,5176,105.354,105.484
P0098,2026-09-28,Singapore Equities,Equity,EQ-0015,SGD,41713,216.51,216.68
P0099,2026-09-28,Zurich Equities,Equity,EQ-0023,CHF,28177,228.6,230.45
P0100,2026-09-28,Zurich Equities,Equity,EQ-0033,CHF,34857,62.79,62.76
P0101,2026-09-28,Singapore FX,FX Forward,FX-0017,SGD,2323172,1.47093,1.47008
P0102,2026-09-28,Zurich FX,FX Forward,FX-0012,CHF,4067612,0.91818,0.91683
P0103,2026-09-28,New York Rates,Government Bond,GB-0005,USD,16064,96.844,96.711
P0104,2026-09-28,New York Rates,Government Bond,GB-0019,USD,19035,100.428,100.617
P0105,2026-09-28,Zurich Equities,Equity,EQ-0001,CHF,48365,27.0,27.02
P0106,2026-09-28,Zurich Equities,Equity,EQ-0077,CHF,10287,94.05,96.64
P0107,2026-09-28,New York Credit,Corporate Bond,CB-0043,USD,16554,105.289,105.828
P0108,2026-09-28,Zurich Equities,Equity,EQ-0019,CHF,4437,250.1,249.67
P0109,2026-09-28,London Rates,Government Bond,GB-0032,GBP,19443,97.194,96.72
P0110,2026-09-28,New York Rates,Government Bond  ,GB-0041,USD,9668,101.624,101.773
P0111,2026-09-28,London Rates,Government Bond,GB-0039,GBP,16398,97.252,97.377
P0112,2026-09-28,London Credit,Corporate Bond,CB-0032,GBP,11983,96.541,97.134
P0113,2026-09-28,Singapore FX,FX Forward,FX-0036,SGD,511412,0.6081,0.60569
P0114,2026-09-28,London Rates,Government Bond,GB-0037,GBP,3660,103.581,103.562
P0115,2026-09-28,Singapore FX,FX Forward,FX-0010,SGD,2799264,1.05534,1.05474
P0116,2026-09-28,London Rates,Government Bond,GB-0034,GBP,13464,102.206,102.076
P0117,2026-09-28,New York Credit,Corporate Bond,CB-0055,USD,14248,99.77,100.055
P0118,2026-09-28,New York Rates,Government Bond,GB-0040,USD,10440,96.261,96.181
P0119,2026-09-28,London Rates,Government Bond,GB-0002,GBP,19544,102.37,102.437
P0120,2026-09-28,New York Credit,Corporate Bond,CB-0067,USD,4753,94.685,94.993
P0121,2026-09-28,Zurich Equities,Equity,EQ-0027,CHF,16576,127.73,128.32
P0122,2026-09-28,Singapore Equities,Equity,EQ-0073,SGD,10438,266.64,265.71
P0123,2026-09-28,London Rates,Government Bond,GB-0015,GBP,8874,97.931,98.035
P0124,2026-09-25,London Rates,Government Bond,GB-0026,GBP,2786,98.194,98.179
P0125,2026-09-28,New York Credit,Corporate Bond,CB-0053,USD,14730,104.056,103.668
P0126,2026-09-28,Zurich FX,FX Forward,FX-0021,CHF,2510709,1.21746,1.2172
P0127,2026-09-28,New York Credit,Corporate Bond,CB-0021,USD,19893,101.699,101.95
P0128,2026-09-28,Zurich Equities,Equity,EQ-0013,CHF,10759,126.44,127.6
P0129,2026-09-28,Zurich Equities,Equity,EQ-0006,CHF,22398,215.48,216.53
P0130,2026-09-28,Zurich Equities,Equity,EQ-0055,CHF,10999,291.32,
P0131,2026-09-28,New York Rates,Government Bond,GB-0053,USD,14488,98.568,98.522
P0132,2026-09-28,New York Rates,Government Bond,GB-0008,USD,9794,102.606,102.692
P0133,2026-09-28,New York Rates,Government Bond,GB-0048,USD,8501,96.207,96.182
P0134,2026-09-28,Singapore Equities,Equity,EQ-0049,SGD,42924,135.11,134.96
P0135,2026-09-28,Zurich Equities,Equity,EQ-0071,CHF,4901,148.32,145.89
P0136,2026-09-28,Zurich FX,FX Forward,FX-0031,CHF,2609487,0.67386,0.67105
P0137,2026-09-28,Zurich Equities,Equity,EQ-0016,CHF,16143,169.56,169.86
P0138,2026-09-28,London Credit,Corporate Bond,CB-0012,GBP,4542,104.598,104.959
P0139,2026-09-28,London Credit,Corporate Bond,CB-0066,GBP,9396,99.441,99.161
P0140,2026-09-28,New York Rates,Government Bond,GB-0004,USD,14764,96.101,96.061
P0141,2026-09-28,New York Credit,Corporate Bond,CB-0013,USD,16083,105.955,105.837
P0142,2026-09-28,London Rates,Government Bond,GB-0012,GBP,9465,98.839,98.836
P0143,2026-09-28,London Rates, Government Bond,GB-0031,GBP,2756,102.577,102.61
P0144,2026-09-28,London Credit,corporate bond ,CB-0034,GBP,2514,94.358,94.712
P0145,2026-09-28,Singapore Equities,Equity,EQ-0056,SGD,14108,155.98,156.66
P0146,2026-09-28,New York Rates,Government Bond,GB-0029,USD,2683,99.755,99.814
P0147,2026-09-28,Singapore FX,FX FORWARD,FX-0037,SGD,2030372,1.43284,1.4298
P0148,2026-09-28,Zurich Equities,Equity,EQ-0072,CHF,8780,161.65,
P0149,2026-09-28,New York Rates,Government Bond,GB-0021,USD,11339,98.453,98.434
P0150,2026-09-28,New York Credit,Corporate Bond,CB-0046,USD,10362,93.24,93.284
P0151,2026-09-28,Zurich Equities,Equity,EQ-0026,CHF,27766,241.78,241.61
P0152,2026-09-28,Zurich FX,FX Forward,FX-0027,CHF,2120226,0.76998,0.76793
P0153,2026-09-28,Zurich Equities,Equity,EQ-0040,CHF,26248,219.63,220.46
P0154,2026-09-28,London Rates,Government Bond,GB-0001,GBP,10882,100.737,
P0155,2026-09-28,London Credit,Corporate Bond,CB-0028,GBP,10861,101.848,101.904
P0156,2026-09-28,Zurich FX,FX Forward,FX-0022,CHF,3740416,1.34677,1.34372
P0157,2026-09-28,New York Rates,Government Bond,GB-0046,USD,17180,100.004,99.987
P0158,2026-09-28,New York Rates,government bond ,GB-0047,USD,11561,96.644,96.545
P0159,2026-09-28,New York Credit,Corporate Bond,CB-0020,USD,11278,103.657,103.664
P0160,2026-09-28,Zurich Equities,Equity  ,EQ-0035,CHF,20253,51.32,51.81
P0161,2026-09-28,London Rates,Government Bond,GB-0049,GBP,2318,103.997,104.036
P0162,2026-09-28,Zurich Equities,Equity,EQ-0061,CHF,49119,291.24,292.85
P0163,2026-09-28,Singapore Equities,Equity,EQ-0025,SGD,41220,45.45,45.35
P0164,2026-09-28,New York Rates,Government Bond,GB-0020,USD,15868,98.814,98.538
P0165,2026-09-28,London Credit,Corporate Bond,CB-0047,GBP,5534,96.347,96.475
P0166,2026-09-28,New York Rates,Government Bond,GB-0059,USD,16883,100.394,100.297
P0167,2026-09-28,Zurich Equities,Equity,EQ-0010,CHF,41298,174.57,175.65
P0168,2026-09-28,Singapore Equities,Equity,EQ-0012,SGD,15356,295.86,296.3
P0169,2026-09-25,Zurich Equities,Equity,EQ-0036,CHF,37282,36.22,35.83
P0170,2026-09-28,Zurich FX,FX Forward,FX-0006,CHF,2417331,1.46403,1.4629
P0171,2026-09-28,New York Credit,Corporate Bond,CB-0025,USD,17617,102.614,103.32
P0172,2026-09-28,New York Rates,Government Bond,GB-0017,USD,8972,102.343,102.283
P0173,2026-09-28,Singapore Equities,Equity,EQ-0078,SGD,13903,98.89,99.41
P0174,2026-09-28,New York Credit,Corporate Bond,CB-0039,USD,16222,95.501,95.378
P0175,2026-09-28,New York Rates,Government Bond,GB-0013,USD,19212,98.237,98.404
P0173,2026-09-28,Singapore Equities,Equity,EQ-0078,SGD,13903,98.89,99.41
P0176,2026-09-28,Zurich Equities,Equity,EQ-0017,CHF,45199,149.43,149.64
P0177,2026-09-28,New York Rates,Government Bond,GB-0016,USD,17083,101.167,101.096
P0165,2026-09-28,London Credit,Corporate Bond,CB-0047,GBP,5534,96.347,96.475
P0178,2026-09-28,Singapore Equities,Equity,EQ-0057,SGD,25686,272.68,272.63
P0179,2026-09-28,New York Rates,Government Bond,GB-0007,USD,16232,100.927,100.775
P0180,2026-09-28,Zurich FX,FX Forward,FX-0029,CHF,178831,1.06115,1.06118
P0181,2026-09-28,London Credit,Corporate Bond,CB-0064,GBP,7532,107.194,106.881
P0182,2026-09-28,New York Rates,Government Bond,GB-0009,USD,15771,102.814,102.793
P0183,2026-09-28,Singapore Equities,Equity,EQ-0007,SGD,6178,63.53,63.25
P0184,2026-09-28,New York Credit,Corporate Bond,CB-0041,USD,19314,94.133,94.416
P0185,2026-09-28,Singapore Equities,Equity,EQ-0060,SGD,19545,63.34,62.46
P0186,2026-09-28,London Rates,Government Bond,GB-0043,GBP,3339,101.181,101.022
P0187,2026-09-28,Zurich Equities,Equity,EQ-0028,CHF,7607,210.48,211.15
P0188,2026-09-28,New York Credit,Corporate Bond,CB-0016,USD,17692,97.618,97.414
P0189,2026-09-28,London Rates,Government Bond,GB-0014,GBP,7260,100.133,100.25
P0190,2026-09-28,London Credit,Corporate Bond,CB-0018,GBP,9559,106.033,106.231
P0191,2026-09-28,New York Credit,Corporate Bond,CB-0070,USD,7498,107.064,107.333
P0192,2026-09-28,London Rates,Government Bond,GB-0050,GBP,15490,99.764,99.834
P0193,2026-09-28,New York Rates,Government Bond,GB-0045,USD,14189,99.513,99.993
P0194,2026-09-28,Singapore FX,FX Forward,FX-0009,SGD,2888708,1.46526,1.46765
P0195,2026-09-28,New York Rates,Government Bond,GB-0058,USD,7670,102.08,101.991
P0196,2026-09-28,London Credit,corporate bond ,CB-0015,GBP,3274,92.379,92.307
P0197,2026-09-28,London Credit,CORPORATE BOND,CB-0037,GBP,5835,103.494,103.689
P0198,2026-09-28,Singapore Equities,Equity,EQ-0032,SGD,33370,255.67,257.2
P0199,2026-09-28,New York Credit,Corporate Bond,CB-0058,USD,16128,94.171,94.361
P0200,2026-09-28,Zurich Equities,Equity,EQ-0068,CHF,20690,207.52,208.16
P0201,2026-09-28,Zurich Equities,Equity,EQ-0004,CHF,47025,177.15,177.07
P0202,2026-09-28,Zurich FX,FX Forward,FX-0011,CHF,3545831,1.58077,1.58061
P0203,2026-09-28,Singapore FX,FX Forward,FX-0032,SGD,3932216,1.29031,1.29225
P0204,2026-09-28,Singapore FX,FX Forward,FX-0020,SGD,4193200,1.2268,1.22972
P0205,2026-09-28,London Credit,Corporate Bond,CB-0063,GBP,2319,107.999,108.229
P0206,2026-09-28,Singapore FX,FX Forward,FX-0007,SGD,121518,0.93988,0.93962
P0207,2026-09-28,London Credit,corporate bond ,CB-0022,GBP,15288,96.076,96.093
P0208,2026-09-28,London Rates,Government Bond,GB-0023,GBP,18191,97.731,97.887
P0209,2026-09-28,New York Rates,Government Bond,GB-0036,USD,2973,100.549,100.421
P0210,2026-09-28,New York Rates, Government Bond,GB-0024,USD,7360,103.844,103.827
P0211,2026-09-28,Singapore Equities,Equity,EQ-0058,SGD,29919,279.43,279.35
P0212,2026-09-28,London Rates,Government Bond,GB-0044,GBP,11079,97.327,97.426
P0213,2026-09-28,Zurich Equities,Equity,EQ-0037,CHF,49946,43.98,44.06
P0214,2026-09-28,Zurich Equities,Equity,EQ-0020,CHF,37270,275.68,277.0
P0215,2026-09-28,London Credit,Corporate Bond,CB-0040,GBP,4976,100.918,101.286
P0216,2026-09-28,Singapore Equities,Equity,EQ-0030,SGD,47423,20.91,20.84
P0217,2026-09-28,London Rates,Gov Bond,GB-0056,GBP,18779,101.261,101.179
P0218,2026-09-28,New York Credit,Corporate Bond,CB-0007,USD,19346,95.361,95.361
P0219,2026-09-28,Singapore FX,FX Forward,FX-0028,SGD,1300558,1.51283,1.51065
P0220,2026-09-28,Singapore FX,FX Forward,FX-0030,SGD,4685197,1.50121,1.49948
P0221,2026-09-28,New York Rates,Government Bond,GB-0057,USD,17334,99.306,99.27
P0222,2026-09-28,New York Credit,Corporate Bond,CB-0044,USD,9101,96.147,96.299
P0223,2026-09-28,Zurich FX,FX Forward,FX-0002,CHF,1085377,1.06145,1.05369
P0224,2026-09-28,Zurich Equities,Equity,EQ-0066,CHF,2704,182.1,186.12
P0225,2026-09-28,Zurich Equities,Equity,EQ-0043,CHF,3958,184.76,183.32
P0226,2026-09-28,Zurich FX,FX Forward,FX-0003,CHF,2393654,1.09838,1.09879
P0227,2026-09-28,Singapore Equities,equity ,EQ-0070,SGD,4854,280.13,278.66
P0228,2026-09-28,London Credit, Corporate Bond,CB-0049,GBP,14624,93.028,93.272
P0229,2026-09-28,London Credit,Corporate Bond,CB-0056,GBP,5182,105.448,105.197
P0230,2026-09-28,Singapore FX,FX Forward,FX-0035,SGD,3420259,1.59269,1.59454
P0231,2026-09-28,Singapore FX,FX Forward,FX-0015,SGD,4511997,1.4697,1.46803
P0232,2026-09-28,London Credit,Corporate Bond,CB-0059,GBP,11710,92.805,92.921
P0233,2026-09-28,Singapore FX,FX Forward,FX-0039,SGD,1247387,1.27776,1.27827
P0234,2026-09-28,Singapore FX,FX Forward,FX-0033,SGD,2089825,0.79922,0.80025
P0235,2026-09-28,Singapore Equities,Equity,EQ-0052,SGD,12125,59.25,60.86
P0236,2026-09-28,Singapore Equities,Equity,EQ-0045,SGD,14140,39.84,39.82
P0237,2026-09-28,New York Credit,Corporate Bond,CB-0027,USD,13423,103.155,103.314
P0238,2026-09-28,London Rates,Government Bond,GB-0042,GBP,18844,99.401,99.358
P0239,2026-09-28,London Credit,Corporate Bond,CB-0004,GBP,5884,93.204,93.283
P0240,2026-09-28,Singapore Equities,Equity,EQ-0076,SGD,6888,280.89,281.05
P0241,2026-09-28,Zurich FX,FX Forward,FX-0023,CHF,1495568,1.36037,1.3483
P0242,2026-09-28,Singapore Equities,Equity,EQ-0024,SGD,9165,121.36,121.6
P0243,2026-09-28,Zurich Equities,Equity,EQ-0034,CHF,32121,187.7,188.87
P0244,2026-09-28,London Rates,Government Bond,GB-0038,GBP,19087,97.919,97.854
P0245,2026-09-28,New York Credit,Corporate Bond,CB-0014,USD,8457,96.883,97.017
P0246,2026-09-28,London Credit,Corporate Bond,CB-0069,GBP,13298,106.862,107.383
P0247,2026-09-28,Singapore Equities,Equity,EQ-0009,SGD,24907,246.0,246.19
P0248,2026-09-28,London Credit,Corporate Bond,CB-0033,GBP,8361,105.095,105.092
P0249,2026-09-28,London Rates,Government Bond,GB-0052,GBP,14380,99.76,
P0250,2026-09-28,Singapore Equities,Equity,EQ-0080,SGD,3429,273.49,274.29
P0241,2026-09-28,Zurich FX,FX Forward,FX-0023,CHF,1495568,1.36037,1.3483
