PositionID,ValuationDate,Desk,AssetClass,Instrument,Currency,Quantity,BookPrice,IndependentPrice,TolerancePct,VariancePct,MVDiff,Status,DateFlag
P0001,2026-09-28,Singapore Equities,Equity,EQ-0053,SGD,36166,149.54,149.33,0.01,0.001406,7594.86,OK,CURRENT
P0002,2026-09-28,Singapore FX,FX Forward,FX-0004,SGD,4061266,1.43472,1.43723,0.003,-0.001746,-10193.78,OK,CURRENT
P0003,2026-09-28,New York Credit,Corporate Bond,CB-0042,USD,15502,107.201,107.128,0.005,0.000681,1131.65,OK,CURRENT
P0004,2026-09-28,London Credit,Corporate Bond,CB-0003,GBP,1316,103.86,104.121,0.005,-0.002507,-343.48,OK,CURRENT
P0005,2026-09-28,Zurich FX,FX Forward,FX-0026,CHF,4847348,1.13117,1.12959,0.003,0.001399,7658.81,OK,CURRENT
P0006,2026-09-28,Singapore FX,FX Forward,FX-0038,SGD,1694942,0.819,0.82022,0.003,-0.001487,-2067.83,OK,CURRENT
P0007,2026-09-28,Zurich Equities,Equity,EQ-0050,CHF,47824,36.97,37.02,0.01,-0.001351,-2391.2,OK,CURRENT
P0008,2026-09-28,New York Credit,Corporate Bond,CB-0017,USD,1904,102.872,102.744,0.005,0.001246,243.71,OK,CURRENT
P0009,2026-09-28,London Credit,Corporate Bond,CB-0065,GBP,4748,101.941,101.92,0.005,0.000206,99.71,OK,CURRENT
P0010,2026-09-28,Zurich Equities,Equity,EQ-0048,CHF,23319,204.52,204.34,0.01,0.000881,4197.42,OK,CURRENT
P0011,2026-09-28,Singapore FX,FX Forward,FX-0016,SGD,1309263,0.61535,0.61606,0.003,-0.001152,-929.58,OK,CURRENT
P0012,2026-09-28,New York Credit,Corporate Bond,CB-0030,USD,15488,99.44,99.439,0.005,1e-05,15.49,OK,CURRENT
P0013,2026-09-28,London Credit,Corporate Bond,CB-0010,GBP,11885,94.87,94.935,0.005,-0.000685,-772.52,OK,CURRENT
P0014,2026-09-28,Singapore Equities,Equity,EQ-0022,SGD,9250,60.0,61.38,0.01,-0.022483,-12765.0,BREACH,CURRENT
P0015,2026-09-28,New York Rates,Government Bond,GB-0054,USD,14122,98.306,98.27,0.0025,0.000366,508.39,OK,CURRENT
P0016,2026-09-28,London Credit,Corporate Bond,CB-0009,GBP,14510,105.834,105.359,0.005,0.004508,6892.25,OK,CURRENT
P0017,2026-09-28,London Credit,Corporate Bond,CB-0057,GBP,3750,106.511,106.841,0.005,-0.003089,-1237.5,OK,CURRENT
P0018,2026-09-28,Zurich Equities,Equity,EQ-0064,CHF,4590,258.38,258.99,0.01,-0.002355,-2799.9,OK,CURRENT
P0019,2026-09-28,New York Rates,Government Bond,GB-0018,USD,13092,101.312,101.272,0.0025,0.000395,523.68,OK,CURRENT
P0020,2026-09-28,Singapore Equities,Equity,EQ-0051,SGD,35246,244.17,243.56,0.01,0.002505,21500.06,OK,CURRENT
P0021,2026-09-28,New York Credit,Corporate Bond,CB-0008,USD,6064,107.581,107.456,0.005,0.001163,758.0,OK,CURRENT
P0022,2026-09-28,New York Credit,Corporate Bond,CB-0060,USD,13423,104.18,104.056,0.005,0.001192,1664.45,OK,CURRENT
P0023,2026-09-28,London Credit,Corporate Bond,CB-0054,GBP,9943,99.812,100.306,0.005,-0.004925,-4911.84,OK,CURRENT
P0024,2026-09-28,London Rates,Government Bond,GB-0060,GBP,8841,96.231,96.276,0.0025,-0.000467,-397.85,OK,CURRENT
P0025,2026-09-28,New York Credit,Corporate Bond,CB-0051,USD,19864,106.477,106.833,0.005,-0.003332,-7071.58,OK,CURRENT
P0026,2026-09-28,New York Rates,Government Bond,GB-0011,USD,16976,98.691,98.779,0.0025,-0.000891,-1493.89,OK,CURRENT
P0027,2026-09-28,London Credit,Corporate Bond,CB-0048,GBP,6007,95.7,,0.005,,,NO INDEPENDENT PRICE,CURRENT
P0028,2026-09-28,New York Rates,Gov Bond,GB-0035,USD,15051,103.268,103.308,,-0.000387,-602.04,UNMAPPED ASSET CLASS,CURRENT
P0029,2026-09-28,New York Credit,Corporate Bond,CB-0036,USD,19863,106.178,106.471,0.005,-0.002752,-5819.86,OK,CURRENT
P0030,2026-09-28,Singapore Equities,Equity,EQ-0011,SGD,15035,181.66,181.74,0.01,-0.00044,-1202.8,OK,CURRENT
P0031,2026-09-28,London Rates,Government Bond,GB-0010,GBP,19672,102.004,102.042,0.0025,-0.000372,-747.54,OK,CURRENT
P0032,2026-09-28,London Credit,Corporate Bond,CB-0002,GBP,9583,102.194,102.261,0.005,-0.000655,-642.06,OK,CURRENT
P0033,2026-09-28,Singapore Equities,Equity,EQ-0074,SGD,46207,253.45,254.29,0.01,-0.003303,-38813.88,OK,CURRENT
P0034,2026-09-28,New York Rates,Government Bond,GB-0027,USD,17085,101.579,101.436,0.0025,0.00141,2443.15,OK,CURRENT
P0035,2026-09-28,Singapore Equities,Equity,EQ-0075,SGD,612,191.27,189.89,0.01,0.007267,844.56,OK,CURRENT
P0036,2026-09-28,New York Credit,Corporate Bond,CB-0026,USD,11688,102.67,102.283,0.005,0.003784,4523.26,OK,CURRENT
P0037,2026-09-28,Zurich FX,FX Forward,FX-0040,CHF,430700,1.5034,1.50666,0.003,-0.002164,-1404.08,OK,CURRENT
P0038,2026-09-28,Singapore Equities,Equity,EQ-0063,SGD,33381,160.8,160.52,0.01,0.001744,9346.68,OK,CURRENT
P0039,2026-09-28,New York Credit,Corporate Bond,CB-0029,USD,15086,100.767,100.56,0.005,0.002058,3122.8,OK,CURRENT
P0040,2026-09-25,London Credit,Corporate Bond,CB-0031,GBP,6560,100.179,100.007,0.005,0.00172,1128.32,OK,STALE
P0041,2026-09-28,London Credit,Corporate Bond,CB-0023,GBP,7456,100.319,100.186,0.005,0.001328,991.65,OK,CURRENT
P0042,2026-09-28,Singapore FX,FX Forward,FX-0008,SGD,4964749,1.32605,1.32758,0.003,-0.001152,-7596.07,OK,CURRENT
P0043,2026-09-28,New York Rates,Government Bond,GB-0030,USD,16654,103.529,103.505,0.0025,0.000232,399.7,OK,CURRENT
P0044,2026-09-28,New York Rates,Government Bond,GB-0025,USD,18502,97.82,97.813,0.0025,7.2e-05,129.51,OK,CURRENT
P0045,2026-09-28,London Credit,Corporate Bond,CB-0050,GBP,14767,95.309,95.146,0.005,0.001713,2407.02,OK,CURRENT
P0046,2026-09-28,New York Credit,Corporate Bond,CB-0024,USD,11819,98.901,99.256,0.005,-0.003577,-4195.75,OK,CURRENT
P0047,2026-09-28,Zurich Equities,Equity,EQ-0038,CHF,31248,55.95,55.94,0.01,0.000179,312.48,OK,CURRENT
P0048,2026-09-28,Singapore Equities,Equity,EQ-0041,SGD,14825,142.67,143.03,0.01,-0.002517,-5337.0,OK,CURRENT
P0049,2026-09-28,London Rates,Government Bond,GB-0003,GBP,17579,98.778,98.864,0.0025,-0.00087,-1511.79,OK,CURRENT
P0050,2026-09-28,Zurich Equities,Equity,EQ-0018,CHF,3765,211.69,209.32,0.01,0.011322,8923.05,BREACH,CURRENT
P0051,2026-09-28,London Credit,Corporate Bond,CB-0001,GBP,11929,102.149,102.112,0.005,0.000362,441.37,OK,CURRENT
P0052,2026-09-28,London Rates,Government Bond,GB-0028,GBP,19810,102.982,102.834,0.0025,0.001439,2931.88,OK,CURRENT
P0053,2026-09-28,London Rates,Government Bond,GB-0022,GBP,7066,101.943,101.782,0.0025,0.001582,1137.63,OK,CURRENT
P0054,2026-09-28,Zurich Equities,Equity,EQ-0069,CHF,30064,94.37,93.91,0.01,0.004898,13829.44,OK,CURRENT
P0055,2026-09-25,Singapore Equities,Equity,EQ-0021,SGD,42229,79.54,80.38,0.01,-0.01045,-35472.36,BREACH,STALE
P0056,2026-09-28,New York Credit,Corporate Bond,CB-0052,USD,12526,99.632,99.826,0.005,-0.001943,-2430.04,OK,CURRENT
P0057,2026-09-28,Singapore Equities,Equity,EQ-0005,SGD,525,81.72,82.35,0.01,-0.00765,-330.75,OK,CURRENT
P0058,2026-09-25,London Credit,Corporate Bond,CB-0068,GBP,4542,107.436,107.715,0.005,-0.00259,-1267.22,OK,STALE
P0059,2026-09-28,New York Credit,Corporate Bond,CB-0061,USD,3683,104.032,103.934,0.005,0.000943,360.93,OK,CURRENT
P0060,2026-09-28,New York Credit,Corporate Bond,CB-0045,USD,9998,104.253,104.617,0.005,-0.003479,-3639.27,OK,CURRENT
P0061,2026-09-28,London Credit,Corporate Bond,CB-0006,GBP,2307,96.932,97.0,0.005,-0.000701,-156.88,OK,CURRENT
P0062,2026-09-28,Zurich Equities,Equity,EQ-0044,CHF,2158,38.87,38.86,0.01,0.000257,21.58,OK,CURRENT
P0063,2026-09-28,London Rates,Government Bond,GB-0055,GBP,14244,99.639,99.674,0.0025,-0.000351,-498.54,OK,CURRENT
P0064,2026-09-28,Singapore FX,FX Forward,FX-0025,SGD,1321127,1.39614,1.39669,0.003,-0.000394,-726.62,OK,CURRENT
P0065,2026-09-28,Singapore Equities,Equity,EQ-0062,SGD,38384,36.01,36.12,0.01,-0.003045,-4222.24,OK,CURRENT
P0066,2026-09-28,Singapore Equities,Equity,EQ-0008,SGD,22641,47.08,47.14,0.01,-0.001273,-1358.46,OK,CURRENT
P0067,2026-09-28,Singapore FX,FX Forward,FX-0034,SGD,4921871,1.17192,1.17058,0.003,0.001145,6595.31,OK,CURRENT
P0068,2026-09-28,Singapore Equities,Equity,EQ-0059,SGD,36522,138.44,136.28,0.01,0.01585,78887.52,BREACH,CURRENT
P0069,2026-09-28,Zurich Equities,Equity,EQ-0039,CHF,13980,94.22,93.88,0.01,0.003622,4753.2,OK,CURRENT
P0070,2026-09-28,Zurich Equities,Equity,EQ-0067,CHF,17189,137.38,138.11,0.01,-0.005286,-12547.97,OK,CURRENT
P0071,2026-09-28,Singapore FX,FX Forward,FX-0018,SGD,3434331,1.22326,1.2234,0.003,-0.000114,-480.81,OK,CURRENT
P0072,2026-09-28,Singapore Equities,Equity,EQ-0029,SGD,10465,235.21,235.74,0.01,-0.002248,-5546.45,OK,CURRENT
P0073,2026-09-28,Zurich Equities,Equity,EQ-0065,CHF,37434,209.06,209.01,0.01,0.000239,1871.7,OK,CURRENT
P0074,2026-09-28,Singapore Equities,Equity,EQ-0079,SGD,32116,77.01,75.66,0.01,0.017843,43356.6,BREACH,CURRENT
P0075,2026-09-28,Singapore Equities,Equity,EQ-0014,SGD,44020,119.48,119.15,0.01,0.00277,14526.6,OK,CURRENT
P0076,2026-09-28,New York Credit,Corporate Bond,CB-0011,USD,9742,104.836,104.523,0.005,0.002995,3049.25,OK,CURRENT
P0077,2026-09-28,Singapore FX,FX Forward,FX-0014,SGD,1159030,1.56482,1.56856,0.003,-0.002384,-4334.77,OK,CURRENT
P0078,2026-09-28,Singapore Equities,Equity,EQ-0047,SGD,6281,88.04,88.49,0.01,-0.005085,-2826.45,OK,CURRENT
P0079,2026-09-28,Zurich FX,FX Forward,FX-0001,CHF,1984925,0.91075,0.90936,0.003,0.001529,2759.05,OK,CURRENT
P0080,2026-09-28,New York Credit,Corporate Bond,CB-0062,USD,18675,92.31,,0.005,,,NO INDEPENDENT PRICE,CURRENT
P0081,2026-09-28,Zurich FX,FX Forward,FX-0005,CHF,4363433,1.05679,1.05616,0.003,0.000597,2748.96,OK,CURRENT
P0082,2026-09-28,London Credit,Corporate Bond,CB-0038,GBP,4492,106.283,106.105,0.005,0.001678,799.58,OK,CURRENT
P0083,2026-09-28,Singapore FX,FX Forward,FX-0013,SGD,1375951,0.98608,0.9875,0.003,-0.001438,-1953.85,OK,CURRENT
P0084,2026-09-28,Zurich Equities,Equity,EQ-0054,CHF,35527,34.16,34.21,0.01,-0.001462,-1776.35,OK,CURRENT
P0085,2026-09-28,London Rates,Government Bond,GB-0006,GBP,18096,99.484,99.518,0.0025,-0.000342,-615.26,OK,CURRENT
P0086,2026-09-28,New York Rates,Government Bond,GB-0033,USD,14637,96.681,96.68,0.0025,1e-05,14.64,OK,CURRENT
P0087,2026-09-28,Singapore FX,FX Forward,FX-0024,SGD,485800,1.50342,1.50442,0.003,-0.000665,-485.8,OK,CURRENT
P0088,2026-09-28,London Credit,Corporate Bond,CB-0019,GBP,15239,101.289,101.219,0.005,0.000692,1066.73,OK,CURRENT
P0089,2026-09-28,Zurich Equities,Equity,EQ-0003,CHF,15347,185.34,184.94,0.01,0.002163,6138.8,OK,CURRENT
P0090,2026-09-28,Zurich Equities,Equity,EQ-0042,CHF,38655,114.66,114.69,0.01,-0.000262,-1159.65,OK,CURRENT
P0091,2026-09-28,London Credit,Corporate Bond,CB-0035,GBP,15923,107.743,106.166,0.005,0.014854,25110.57,BREACH,CURRENT
P0092,2026-09-28,Singapore Equities,Equity,EQ-0031,SGD,7073,292.13,292.0,0.01,0.000445,919.49,OK,CURRENT
P0093,2026-09-28,Zurich Equities,Equity,EQ-0046,CHF,37523,222.54,220.9,0.01,0.007424,61537.72,OK,CURRENT
P0094,2026-09-28,Zurich Equities,Equity,EQ-0002,CHF,35841,209.48,208.75,0.01,0.003497,26163.93,OK,CURRENT
P0095,2026-09-28,Zurich FX,FX Forward,FX-0019,CHF,3287749,1.45177,1.44919,0.003,0.00178,8482.39,OK,CURRENT
P0096,2026-09-28,New York Rates,Government Bond,GB-0051,USD,17112,97.452,97.571,0.0025,-0.00122,-2036.33,OK,CURRENT
P0097,2026-09-28,London Credit,Corporate Bond,CB-0005,GBP,5176,105.354,105.484,0.005,-0.001232,-672.88,OK,CURRENT
P0098,2026-09-28,Singapore Equities,Equity,EQ-0015,SGD,41713,216.51,216.68,0.01,-0.000785,-7091.21,OK,CURRENT
P0099,2026-09-28,Zurich Equities,Equity,EQ-0023,CHF,28177,228.6,230.45,0.01,-0.008028,-52127.45,OK,CURRENT
P0100,2026-09-28,Zurich Equities,Equity,EQ-0033,CHF,34857,62.79,62.76,0.01,0.000478,1045.71,OK,CURRENT
P0101,2026-09-28,Singapore FX,FX Forward,FX-0017,SGD,2323172,1.47093,1.47008,0.003,0.000578,1974.7,OK,CURRENT
P0102,2026-09-28,Zurich FX,FX Forward,FX-0012,CHF,4067612,0.91818,0.91683,0.003,0.001472,5491.28,OK,CURRENT
P0103,2026-09-28,New York Rates,Government Bond,GB-0005,USD,16064,96.844,96.711,0.0025,0.001375,2136.51,OK,CURRENT
P0104,2026-09-28,New York Rates,Government Bond,GB-0019,USD,19035,100.428,100.617,0.0025,-0.001878,-3597.62,OK,CURRENT
P0105,2026-09-28,Zurich Equities,Equity,EQ-0001,CHF,48365,27.0,27.02,0.01,-0.00074,-967.3,OK,CURRENT
P0106,2026-09-28,Zurich Equities,Equity,EQ-0077,CHF,10287,94.05,96.64,0.01,-0.0268,-26643.33,BREACH,CURRENT
P0107,2026-09-28,New York Credit,Corporate Bond,CB-0043,USD,16554,105.289,105.828,0.005,-0.005093,-8922.61,BREACH,CURRENT
P0108,2026-09-28,Zurich Equities,Equity,EQ-0019,CHF,4437,250.1,249.67,0.01,0.001722,1907.91,OK,CURRENT
P0109,2026-09-28,London Rates,Government Bond,GB-0032,GBP,19443,97.194,96.72,0.0025,0.004901,9215.98,BREACH,CURRENT
P0110,2026-09-28,New York Rates,Government Bond,GB-0041,USD,9668,101.624,101.773,0.0025,-0.001464,-1440.53,OK,CURRENT
P0111,2026-09-28,London Rates,Government Bond,GB-0039,GBP,16398,97.252,97.377,0.0025,-0.001284,-2049.75,OK,CURRENT
P0112,2026-09-28,London Credit,Corporate Bond,CB-0032,GBP,11983,96.541,97.134,0.005,-0.006105,-7105.92,BREACH,CURRENT
P0113,2026-09-28,Singapore FX,FX Forward,FX-0036,SGD,511412,0.6081,0.60569,0.003,0.003979,1232.5,BREACH,CURRENT
P0114,2026-09-28,London Rates,Government Bond,GB-0037,GBP,3660,103.581,103.562,0.0025,0.000183,69.54,OK,CURRENT
P0115,2026-09-28,Singapore FX,FX Forward,FX-0010,SGD,2799264,1.05534,1.05474,0.003,0.000569,1679.56,OK,CURRENT
P0116,2026-09-28,London Rates,Government Bond,GB-0034,GBP,13464,102.206,102.076,0.0025,0.001274,1750.32,OK,CURRENT
P0117,2026-09-28,New York Credit,Corporate Bond,CB-0055,USD,14248,99.77,100.055,0.005,-0.002848,-4060.68,OK,CURRENT
P0118,2026-09-28,New York Rates,Government Bond,GB-0040,USD,10440,96.261,96.181,0.0025,0.000832,835.2,OK,CURRENT
P0119,2026-09-28,London Rates,Government Bond,GB-0002,GBP,19544,102.37,102.437,0.0025,-0.000654,-1309.45,OK,CURRENT
P0120,2026-09-28,New York Credit,Corporate Bond,CB-0067,USD,4753,94.685,94.993,0.005,-0.003242,-1463.92,OK,CURRENT
P0121,2026-09-28,Zurich Equities,Equity,EQ-0027,CHF,16576,127.73,128.32,0.01,-0.004598,-9779.84,OK,CURRENT
P0122,2026-09-28,Singapore Equities,Equity,EQ-0073,SGD,10438,266.64,265.71,0.01,0.0035,9707.34,OK,CURRENT
P0123,2026-09-28,London Rates,Government Bond,GB-0015,GBP,8874,97.931,98.035,0.0025,-0.001061,-922.9,OK,CURRENT
P0124,2026-09-25,London Rates,Government Bond,GB-0026,GBP,2786,98.194,98.179,0.0025,0.000153,41.79,OK,STALE
P0125,2026-09-28,New York Credit,Corporate Bond,CB-0053,USD,14730,104.056,103.668,0.005,0.003743,5715.24,OK,CURRENT
P0126,2026-09-28,Zurich FX,FX Forward,FX-0021,CHF,2510709,1.21746,1.2172,0.003,0.000214,652.78,OK,CURRENT
P0127,2026-09-28,New York Credit,Corporate Bond,CB-0021,USD,19893,101.699,101.95,0.005,-0.002462,-4993.14,OK,CURRENT
P0128,2026-09-28,Zurich Equities,Equity,EQ-0013,CHF,10759,126.44,127.6,0.01,-0.009091,-12480.44,OK,CURRENT
P0129,2026-09-28,Zurich Equities,Equity,EQ-0006,CHF,22398,215.48,216.53,0.01,-0.004849,-23517.9,OK,CURRENT
P0130,2026-09-28,Zurich Equities,Equity,EQ-0055,CHF,10999,291.32,,0.01,,,NO INDEPENDENT PRICE,CURRENT
P0131,2026-09-28,New York Rates,Government Bond,GB-0053,USD,14488,98.568,98.522,0.0025,0.000467,666.45,OK,CURRENT
P0132,2026-09-28,New York Rates,Government Bond,GB-0008,USD,9794,102.606,102.692,0.0025,-0.000837,-842.28,OK,CURRENT
P0133,2026-09-28,New York Rates,Government Bond,GB-0048,USD,8501,96.207,96.182,0.0025,0.00026,212.52,OK,CURRENT
P0134,2026-09-28,Singapore Equities,Equity,EQ-0049,SGD,42924,135.11,134.96,0.01,0.001111,6438.6,OK,CURRENT
P0135,2026-09-28,Zurich Equities,Equity,EQ-0071,CHF,4901,148.32,145.89,0.01,0.016656,11909.43,BREACH,CURRENT
P0136,2026-09-28,Zurich FX,FX Forward,FX-0031,CHF,2609487,0.67386,0.67105,0.003,0.004187,7332.66,BREACH,CURRENT
P0137,2026-09-28,Zurich Equities,Equity,EQ-0016,CHF,16143,169.56,169.86,0.01,-0.001766,-4842.9,OK,CURRENT
P0138,2026-09-28,London Credit,Corporate Bond,CB-0012,GBP,4542,104.598,104.959,0.005,-0.003439,-1639.66,OK,CURRENT
P0139,2026-09-28,London Credit,Corporate Bond,CB-0066,GBP,9396,99.441,99.161,0.005,0.002824,2630.88,OK,CURRENT
P0140,2026-09-28,New York Rates,Government Bond,GB-0004,USD,14764,96.101,96.061,0.0025,0.000416,590.56,OK,CURRENT
P0141,2026-09-28,New York Credit,Corporate Bond,CB-0013,USD,16083,105.955,105.837,0.005,0.001115,1897.79,OK,CURRENT
P0142,2026-09-28,London Rates,Government Bond,GB-0012,GBP,9465,98.839,98.836,0.0025,3e-05,28.4,OK,CURRENT
P0143,2026-09-28,London Rates,Government Bond,GB-0031,GBP,2756,102.577,102.61,0.0025,-0.000322,-90.95,OK,CURRENT
P0144,2026-09-28,London Credit,Corporate Bond,CB-0034,GBP,2514,94.358,94.712,0.005,-0.003738,-889.96,OK,CURRENT
P0145,2026-09-28,Singapore Equities,Equity,EQ-0056,SGD,14108,155.98,156.66,0.01,-0.004341,-9593.44,OK,CURRENT
P0146,2026-09-28,New York Rates,Government Bond,GB-0029,USD,2683,99.755,99.814,0.0025,-0.000591,-158.3,OK,CURRENT
P0147,2026-09-28,Singapore FX,FX Forward,FX-0037,SGD,2030372,1.43284,1.4298,0.003,0.002126,6172.33,OK,CURRENT
P0148,2026-09-28,Zurich Equities,Equity,EQ-0072,CHF,8780,161.65,,0.01,,,NO INDEPENDENT PRICE,CURRENT
P0149,2026-09-28,New York Rates,Government Bond,GB-0021,USD,11339,98.453,98.434,0.0025,0.000193,215.44,OK,CURRENT
P0150,2026-09-28,New York Credit,Corporate Bond,CB-0046,USD,10362,93.24,93.284,0.005,-0.000472,-455.93,OK,CURRENT
P0151,2026-09-28,Zurich Equities,Equity,EQ-0026,CHF,27766,241.78,241.61,0.01,0.000704,4720.22,OK,CURRENT
P0152,2026-09-28,Zurich FX,FX Forward,FX-0027,CHF,2120226,0.76998,0.76793,0.003,0.00267,4346.46,OK,CURRENT
P0153,2026-09-28,Zurich Equities,Equity,EQ-0040,CHF,26248,219.63,220.46,0.01,-0.003765,-21785.84,OK,CURRENT
P0154,2026-09-28,London Rates,Government Bond,GB-0001,GBP,10882,100.737,,0.0025,,,NO INDEPENDENT PRICE,CURRENT
P0155,2026-09-28,London Credit,Corporate Bond,CB-0028,GBP,10861,101.848,101.904,0.005,-0.00055,-608.22,OK,CURRENT
P0156,2026-09-28,Zurich FX,FX Forward,FX-0022,CHF,3740416,1.34677,1.34372,0.003,0.00227,11408.27,OK,CURRENT
P0157,2026-09-28,New York Rates,Government Bond,GB-0046,USD,17180,100.004,99.987,0.0025,0.00017,292.06,OK,CURRENT
P0158,2026-09-28,New York Rates,Government Bond,GB-0047,USD,11561,96.644,96.545,0.0025,0.001025,1144.54,OK,CURRENT
P0159,2026-09-28,New York Credit,Corporate Bond,CB-0020,USD,11278,103.657,103.664,0.005,-6.8e-05,-78.95,OK,CURRENT
P0160,2026-09-28,Zurich Equities,Equity,EQ-0035,CHF,20253,51.32,51.81,0.01,-0.009458,-9923.97,OK,CURRENT
P0161,2026-09-28,London Rates,Government Bond,GB-0049,GBP,2318,103.997,104.036,0.0025,-0.000375,-90.4,OK,CURRENT
P0162,2026-09-28,Zurich Equities,Equity,EQ-0061,CHF,49119,291.24,292.85,0.01,-0.005498,-79081.59,OK,CURRENT
P0163,2026-09-28,Singapore Equities,Equity,EQ-0025,SGD,41220,45.45,45.35,0.01,0.002205,4122.0,OK,CURRENT
P0164,2026-09-28,New York Rates,Government Bond,GB-0020,USD,15868,98.814,98.538,0.0025,0.002801,4379.57,BREACH,CURRENT
P0165,2026-09-28,London Credit,Corporate Bond,CB-0047,GBP,5534,96.347,96.475,0.005,-0.001327,-708.35,OK,CURRENT
P0166,2026-09-28,New York Rates,Government Bond,GB-0059,USD,16883,100.394,100.297,0.0025,0.000967,1637.65,OK,CURRENT
P0167,2026-09-28,Zurich Equities,Equity,EQ-0010,CHF,41298,174.57,175.65,0.01,-0.006149,-44601.84,OK,CURRENT
P0168,2026-09-28,Singapore Equities,Equity,EQ-0012,SGD,15356,295.86,296.3,0.01,-0.001485,-6756.64,OK,CURRENT
P0169,2026-09-25,Zurich Equities,Equity,EQ-0036,CHF,37282,36.22,35.83,0.01,0.010885,14539.98,BREACH,STALE
P0170,2026-09-28,Zurich FX,FX Forward,FX-0006,CHF,2417331,1.46403,1.4629,0.003,0.000772,2731.58,OK,CURRENT
P0171,2026-09-28,New York Credit,Corporate Bond,CB-0025,USD,17617,102.614,103.32,0.005,-0.006833,-12437.6,BREACH,CURRENT
P0172,2026-09-28,New York Rates,Government Bond,GB-0017,USD,8972,102.343,102.283,0.0025,0.000587,538.32,OK,CURRENT
P0173,2026-09-28,Singapore Equities,Equity,EQ-0078,SGD,13903,98.89,99.41,0.01,-0.005231,-7229.56,OK,CURRENT
P0174,2026-09-28,New York Credit,Corporate Bond,CB-0039,USD,16222,95.501,95.378,0.005,0.00129,1995.31,OK,CURRENT
P0175,2026-09-28,New York Rates,Government Bond,GB-0013,USD,19212,98.237,98.404,0.0025,-0.001697,-3208.4,OK,CURRENT
P0176,2026-09-28,Zurich Equities,Equity,EQ-0017,CHF,45199,149.43,149.64,0.01,-0.001403,-9491.79,OK,CURRENT
P0177,2026-09-28,New York Rates,Government Bond,GB-0016,USD,17083,101.167,101.096,0.0025,0.000702,1212.89,OK,CURRENT
P0178,2026-09-28,Singapore Equities,Equity,EQ-0057,SGD,25686,272.68,272.63,0.01,0.000183,1284.3,OK,CURRENT
P0179,2026-09-28,New York Rates,Government Bond,GB-0007,USD,16232,100.927,100.775,0.0025,0.001508,2467.26,OK,CURRENT
P0180,2026-09-28,Zurich FX,FX Forward,FX-0029,CHF,178831,1.06115,1.06118,0.003,-2.8e-05,-5.36,OK,CURRENT
P0181,2026-09-28,London Credit,Corporate Bond,CB-0064,GBP,7532,107.194,106.881,0.005,0.002928,2357.52,OK,CURRENT
P0182,2026-09-28,New York Rates,Government Bond,GB-0009,USD,15771,102.814,102.793,0.0025,0.000204,331.19,OK,CURRENT
P0183,2026-09-28,Singapore Equities,Equity,EQ-0007,SGD,6178,63.53,63.25,0.01,0.004427,1729.84,OK,CURRENT
P0184,2026-09-28,New York Credit,Corporate Bond,CB-0041,USD,19314,94.133,94.416,0.005,-0.002997,-5465.86,OK,CURRENT
P0185,2026-09-28,Singapore Equities,Equity,EQ-0060,SGD,19545,63.34,62.46,0.01,0.014089,17199.6,BREACH,CURRENT
P0186,2026-09-28,London Rates,Government Bond,GB-0043,GBP,3339,101.181,101.022,0.0025,0.001574,530.9,OK,CURRENT
P0187,2026-09-28,Zurich Equities,Equity,EQ-0028,CHF,7607,210.48,211.15,0.01,-0.003173,-5096.69,OK,CURRENT
P0188,2026-09-28,New York Credit,Corporate Bond,CB-0016,USD,17692,97.618,97.414,0.005,0.002094,3609.17,OK,CURRENT
P0189,2026-09-28,London Rates,Government Bond,GB-0014,GBP,7260,100.133,100.25,0.0025,-0.001167,-849.42,OK,CURRENT
P0190,2026-09-28,London Credit,Corporate Bond,CB-0018,GBP,9559,106.033,106.231,0.005,-0.001864,-1892.68,OK,CURRENT
P0191,2026-09-28,New York Credit,Corporate Bond,CB-0070,USD,7498,107.064,107.333,0.005,-0.002506,-2016.96,OK,CURRENT
P0192,2026-09-28,London Rates,Government Bond,GB-0050,GBP,15490,99.764,99.834,0.0025,-0.000701,-1084.3,OK,CURRENT
P0193,2026-09-28,New York Rates,Government Bond,GB-0045,USD,14189,99.513,99.993,0.0025,-0.0048,-6810.72,BREACH,CURRENT
P0194,2026-09-28,Singapore FX,FX Forward,FX-0009,SGD,2888708,1.46526,1.46765,0.003,-0.001628,-6904.01,OK,CURRENT
P0195,2026-09-28,New York Rates,Government Bond,GB-0058,USD,7670,102.08,101.991,0.0025,0.000873,682.63,OK,CURRENT
P0196,2026-09-28,London Credit,Corporate Bond,CB-0015,GBP,3274,92.379,92.307,0.005,0.00078,235.73,OK,CURRENT
P0197,2026-09-28,London Credit,Corporate Bond,CB-0037,GBP,5835,103.494,103.689,0.005,-0.001881,-1137.82,OK,CURRENT
P0198,2026-09-28,Singapore Equities,Equity,EQ-0032,SGD,33370,255.67,257.2,0.01,-0.005949,-51056.1,OK,CURRENT
P0199,2026-09-28,New York Credit,Corporate Bond,CB-0058,USD,16128,94.171,94.361,0.005,-0.002014,-3064.32,OK,CURRENT
P0200,2026-09-28,Zurich Equities,Equity,EQ-0068,CHF,20690,207.52,208.16,0.01,-0.003075,-13241.6,OK,CURRENT
P0201,2026-09-28,Zurich Equities,Equity,EQ-0004,CHF,47025,177.15,177.07,0.01,0.000452,3762.0,OK,CURRENT
P0202,2026-09-28,Zurich FX,FX Forward,FX-0011,CHF,3545831,1.58077,1.58061,0.003,0.000101,567.33,OK,CURRENT
P0203,2026-09-28,Singapore FX,FX Forward,FX-0032,SGD,3932216,1.29031,1.29225,0.003,-0.001501,-7628.5,OK,CURRENT
P0204,2026-09-28,Singapore FX,FX Forward,FX-0020,SGD,4193200,1.2268,1.22972,0.003,-0.002375,-12244.14,OK,CURRENT
P0205,2026-09-28,London Credit,Corporate Bond,CB-0063,GBP,2319,107.999,108.229,0.005,-0.002125,-533.37,OK,CURRENT
P0206,2026-09-28,Singapore FX,FX Forward,FX-0007,SGD,121518,0.93988,0.93962,0.003,0.000277,31.59,OK,CURRENT
P0207,2026-09-28,London Credit,Corporate Bond,CB-0022,GBP,15288,96.076,96.093,0.005,-0.000177,-259.9,OK,CURRENT
P0208,2026-09-28,London Rates,Government Bond,GB-0023,GBP,18191,97.731,97.887,0.0025,-0.001594,-2837.8,OK,CURRENT
P0209,2026-09-28,New York Rates,Government Bond,GB-0036,USD,2973,100.549,100.421,0.0025,0.001275,380.54,OK,CURRENT
P0210,2026-09-28,New York Rates,Government Bond,GB-0024,USD,7360,103.844,103.827,0.0025,0.000164,125.12,OK,CURRENT
P0211,2026-09-28,Singapore Equities,Equity,EQ-0058,SGD,29919,279.43,279.35,0.01,0.000286,2393.52,OK,CURRENT
P0212,2026-09-28,London Rates,Government Bond,GB-0044,GBP,11079,97.327,97.426,0.0025,-0.001016,-1096.82,OK,CURRENT
P0213,2026-09-28,Zurich Equities,Equity,EQ-0037,CHF,49946,43.98,44.06,0.01,-0.001816,-3995.68,OK,CURRENT
P0214,2026-09-28,Zurich Equities,Equity,EQ-0020,CHF,37270,275.68,277.0,0.01,-0.004765,-49196.4,OK,CURRENT
P0215,2026-09-28,London Credit,Corporate Bond,CB-0040,GBP,4976,100.918,101.286,0.005,-0.003633,-1831.17,OK,CURRENT
P0216,2026-09-28,Singapore Equities,Equity,EQ-0030,SGD,47423,20.91,20.84,0.01,0.003359,3319.61,OK,CURRENT
P0217,2026-09-28,London Rates,Gov Bond,GB-0056,GBP,18779,101.261,101.179,,0.00081,1539.88,UNMAPPED ASSET CLASS,CURRENT
P0218,2026-09-28,New York Credit,Corporate Bond,CB-0007,USD,19346,95.361,95.361,0.005,0.0,0.0,OK,CURRENT
P0219,2026-09-28,Singapore FX,FX Forward,FX-0028,SGD,1300558,1.51283,1.51065,0.003,0.001443,2835.22,OK,CURRENT
P0220,2026-09-28,Singapore FX,FX Forward,FX-0030,SGD,4685197,1.50121,1.49948,0.003,0.001154,8105.39,OK,CURRENT
P0221,2026-09-28,New York Rates,Government Bond,GB-0057,USD,17334,99.306,99.27,0.0025,0.000363,624.02,OK,CURRENT
P0222,2026-09-28,New York Credit,Corporate Bond,CB-0044,USD,9101,96.147,96.299,0.005,-0.001578,-1383.35,OK,CURRENT
P0223,2026-09-28,Zurich FX,FX Forward,FX-0002,CHF,1085377,1.06145,1.05369,0.003,0.007365,8422.53,BREACH,CURRENT
P0224,2026-09-28,Zurich Equities,Equity,EQ-0066,CHF,2704,182.1,186.12,0.01,-0.021599,-10870.08,BREACH,CURRENT
P0225,2026-09-28,Zurich Equities,Equity,EQ-0043,CHF,3958,184.76,183.32,0.01,0.007855,5699.52,OK,CURRENT
P0226,2026-09-28,Zurich FX,FX Forward,FX-0003,CHF,2393654,1.09838,1.09879,0.003,-0.000373,-981.4,OK,CURRENT
P0227,2026-09-28,Singapore Equities,Equity,EQ-0070,SGD,4854,280.13,278.66,0.01,0.005275,7135.38,OK,CURRENT
P0228,2026-09-28,London Credit,Corporate Bond,CB-0049,GBP,14624,93.028,93.272,0.005,-0.002616,-3568.26,OK,CURRENT
P0229,2026-09-28,London Credit,Corporate Bond,CB-0056,GBP,5182,105.448,105.197,0.005,0.002386,1300.68,OK,CURRENT
P0230,2026-09-28,Singapore FX,FX Forward,FX-0035,SGD,3420259,1.59269,1.59454,0.003,-0.00116,-6327.48,OK,CURRENT
P0231,2026-09-28,Singapore FX,FX Forward,FX-0015,SGD,4511997,1.4697,1.46803,0.003,0.001138,7535.03,OK,CURRENT
P0232,2026-09-28,London Credit,Corporate Bond,CB-0059,GBP,11710,92.805,92.921,0.005,-0.001248,-1358.36,OK,CURRENT
P0233,2026-09-28,Singapore FX,FX Forward,FX-0039,SGD,1247387,1.27776,1.27827,0.003,-0.000399,-636.17,OK,CURRENT
P0234,2026-09-28,Singapore FX,FX Forward,FX-0033,SGD,2089825,0.79922,0.80025,0.003,-0.001287,-2152.52,OK,CURRENT
P0235,2026-09-28,Singapore Equities,Equity,EQ-0052,SGD,12125,59.25,60.86,0.01,-0.026454,-19521.25,BREACH,CURRENT
P0236,2026-09-28,Singapore Equities,Equity,EQ-0045,SGD,14140,39.84,39.82,0.01,0.000502,282.8,OK,CURRENT
P0237,2026-09-28,New York Credit,Corporate Bond,CB-0027,USD,13423,103.155,103.314,0.005,-0.001539,-2134.26,OK,CURRENT
P0238,2026-09-28,London Rates,Government Bond,GB-0042,GBP,18844,99.401,99.358,0.0025,0.000433,810.29,OK,CURRENT
P0239,2026-09-28,London Credit,Corporate Bond,CB-0004,GBP,5884,93.204,93.283,0.005,-0.000847,-464.84,OK,CURRENT
P0240,2026-09-28,Singapore Equities,Equity,EQ-0076,SGD,6888,280.89,281.05,0.01,-0.000569,-1102.08,OK,CURRENT
P0241,2026-09-28,Zurich FX,FX Forward,FX-0023,CHF,1495568,1.36037,1.3483,0.003,0.008952,18051.51,BREACH,CURRENT
P0242,2026-09-28,Singapore Equities,Equity,EQ-0024,SGD,9165,121.36,121.6,0.01,-0.001974,-2199.6,OK,CURRENT
P0243,2026-09-28,Zurich Equities,Equity,EQ-0034,CHF,32121,187.7,188.87,0.01,-0.006195,-37581.57,OK,CURRENT
P0244,2026-09-28,London Rates,Government Bond,GB-0038,GBP,19087,97.919,97.854,0.0025,0.000664,1240.65,OK,CURRENT
P0245,2026-09-28,New York Credit,Corporate Bond,CB-0014,USD,8457,96.883,97.017,0.005,-0.001381,-1133.24,OK,CURRENT
P0246,2026-09-28,London Credit,Corporate Bond,CB-0069,GBP,13298,106.862,107.383,0.005,-0.004852,-6928.26,OK,CURRENT
P0247,2026-09-28,Singapore Equities,Equity,EQ-0009,SGD,24907,246.0,246.19,0.01,-0.000772,-4732.33,OK,CURRENT
P0248,2026-09-28,London Credit,Corporate Bond,CB-0033,GBP,8361,105.095,105.092,0.005,2.9e-05,25.08,OK,CURRENT
P0249,2026-09-28,London Rates,Government Bond,GB-0052,GBP,14380,99.76,,0.0025,,,NO INDEPENDENT PRICE,CURRENT
P0250,2026-09-28,Singapore Equities,Equity,EQ-0080,SGD,3429,273.49,274.29,0.01,-0.002917,-2743.2,OK,CURRENT
