PositionID,ValuationDate,Desk,AssetClass,Instrument,Currency,Quantity,BookPrice,IndependentPrice,TolerancePct,VariancePct,MVDiff,DateFlag,AbsMVDiff
P0068,2026-09-28,Singapore Equities,Equity,EQ-0059,SGD,36522,138.44,136.28,0.01,0.01585,78887.52,CURRENT,78887.52
P0074,2026-09-28,Singapore Equities,Equity,EQ-0079,SGD,32116,77.01,75.66,0.01,0.017843,43356.6,CURRENT,43356.6
P0055,2026-09-25,Singapore Equities,Equity,EQ-0021,SGD,42229,79.54,80.38,0.01,-0.01045,-35472.36,STALE,35472.36
P0106,2026-09-28,Zurich Equities,Equity,EQ-0077,CHF,10287,94.05,96.64,0.01,-0.0268,-26643.33,CURRENT,26643.33
P0091,2026-09-28,London Credit,Corporate Bond,CB-0035,GBP,15923,107.743,106.166,0.005,0.014854,25110.57,CURRENT,25110.57
P0235,2026-09-28,Singapore Equities,Equity,EQ-0052,SGD,12125,59.25,60.86,0.01,-0.026454,-19521.25,CURRENT,19521.25
P0241,2026-09-28,Zurich FX,FX Forward,FX-0023,CHF,1495568,1.36037,1.3483,0.003,0.008952,18051.51,CURRENT,18051.51
P0185,2026-09-28,Singapore Equities,Equity,EQ-0060,SGD,19545,63.34,62.46,0.01,0.014089,17199.6,CURRENT,17199.6
P0169,2026-09-25,Zurich Equities,Equity,EQ-0036,CHF,37282,36.22,35.83,0.01,0.010885,14539.98,STALE,14539.98
P0014,2026-09-28,Singapore Equities,Equity,EQ-0022,SGD,9250,60.0,61.38,0.01,-0.022483,-12765.0,CURRENT,12765.0
P0171,2026-09-28,New York Credit,Corporate Bond,CB-0025,USD,17617,102.614,103.32,0.005,-0.006833,-12437.6,CURRENT,12437.6
P0135,2026-09-28,Zurich Equities,Equity,EQ-0071,CHF,4901,148.32,145.89,0.01,0.016656,11909.43,CURRENT,11909.43
P0224,2026-09-28,Zurich Equities,Equity,EQ-0066,CHF,2704,182.1,186.12,0.01,-0.021599,-10870.08,CURRENT,10870.08
P0109,2026-09-28,London Rates,Government Bond,GB-0032,GBP,19443,97.194,96.72,0.0025,0.004901,9215.98,CURRENT,9215.98
P0050,2026-09-28,Zurich Equities,Equity,EQ-0018,CHF,3765,211.69,209.32,0.01,0.011322,8923.05,CURRENT,8923.05
P0107,2026-09-28,New York Credit,Corporate Bond,CB-0043,USD,16554,105.289,105.828,0.005,-0.005093,-8922.61,CURRENT,8922.61
P0223,2026-09-28,Zurich FX,FX Forward,FX-0002,CHF,1085377,1.06145,1.05369,0.003,0.007365,8422.53,CURRENT,8422.53
P0136,2026-09-28,Zurich FX,FX Forward,FX-0031,CHF,2609487,0.67386,0.67105,0.003,0.004187,7332.66,CURRENT,7332.66
P0112,2026-09-28,London Credit,Corporate Bond,CB-0032,GBP,11983,96.541,97.134,0.005,-0.006105,-7105.92,CURRENT,7105.92
P0193,2026-09-28,New York Rates,Government Bond,GB-0045,USD,14189,99.513,99.993,0.0025,-0.0048,-6810.72,CURRENT,6810.72
P0164,2026-09-28,New York Rates,Government Bond,GB-0020,USD,15868,98.814,98.538,0.0025,0.002801,4379.57,CURRENT,4379.57
P0113,2026-09-28,Singapore FX,FX Forward,FX-0036,SGD,511412,0.6081,0.60569,0.003,0.003979,1232.5,CURRENT,1232.5
